,Date,Symbol,AdjustedClose,AdjustedCloseLog,L90DReturnPerc,R2,Slope,SlopeAnnualized,SlopeAnnualizedAdj,ATR20,ATR90,ATR100
974,2013-08-19,AAPL,70.056674,4.24930454305,0.0,,,,,,,
975,2013-08-20,AAPL,69.136364,4.23608084416,0.0,,,,,,,
976,2013-08-21,AAPL,69.314349,4.23865194104,0.0,,,,,,,
977,2013-08-22,AAPL,69.397145,4.23984572834,0.0,,,,,,,
978,2013-08-23,AAPL,69.129466,4.23598106535,0.0,,,,,,,
979,2013-08-26,AAPL,69.398523,4.23986558487,0.0,,,,,,,
980,2013-08-27,AAPL,67.414402,4.21085867462,0.0,,,,,,,
981,2013-08-28,AAPL,67.733132,4.21557545459,0.0,,,,,,,
982,2013-08-29,AAPL,67.843516,4.21720381797,0.0,,,,,,,
983,2013-08-30,AAPL,67.225378,4.20805082505,0.0,,,,,,,
984,2013-09-03,AAPL,67.413024,4.21083823367,0.0,,,,,,,
985,2013-09-04,AAPL,68.807981,4.23131974112,0.0,,,,,,,
986,2013-09-05,AAPL,68.336098,4.22443814819,0.0,,,,,,,
987,2013-09-06,AAPL,68.743135,4.23037687702,0.0,,,,,,,
988,2013-09-09,AAPL,69.840046,4.24620757018,0.0,,,,,,,
989,2013-09-10,AAPL,68.249168,4.22316524351,0.0,,,,,,,
990,2013-09-11,AAPL,64.533433,4.16718343059,0.0,,,,,,,
991,2013-09-12,AAPL,65.220558,4.17777472598,0.0,,,,,,,
992,2013-09-13,AAPL,64.145724,4.16115743257,0.0,,,,,,,
993,2013-09-16,AAPL,62.106412,4.12884923643,0.0,,,,,,,
994,2013-09-17,AAPL,62.823889,4.14033539923,0.0,,,,,1.54327790683,,
995,2013-09-18,AAPL,64.115365,4.16068403879,0.0,,,,,1.55210864196,,
996,2013-09-19,AAPL,65.166752,4.17694940022,0.0,,,,,1.58708577624,,
997,2013-09-20,AAPL,64.492043,4.16654185185,0.0,,,,,1.62268440136,,
998,2013-09-23,AAPL,67.697261,4.2150457212,0.0,,,,,1.79860508744,,
999,2013-09-24,AAPL,67.484774,4.21190200206,0.0,,,,,1.78446290162,,
1000,2013-09-25,AAPL,66.440285,4.19630357432,0.0,,,,,1.72609837862,,
1001,2013-09-26,AAPL,67.087397,4.20599620219,0.0,,,,,1.70698885678,,
1002,2013-09-27,AAPL,66.608618,4.19883396857,0.0,,,,,1.70629838456,,
1003,2013-09-30,AAPL,65.780749,4.18632722714,0.0,,,,,1.71933709503,,
1004,2013-10-01,AAPL,67.32748,4.20956847426,0.0,,,,,1.7125069575,,
1005,2013-10-02,AAPL,67.548242,4.2128420389,0.0,,,,,1.67380419378,,
1006,2013-10-03,AAPL,66.699681,4.2002001703,0.0,,,,,1.70533193871,,
1007,2013-10-04,AAPL,66.647252,4.19941381547,0.0,,,,,1.68166890885,,
1008,2013-10-07,AAPL,67.298506,4.2091380373,0.0,,,,,1.68111736328,,
1009,2013-10-08,AAPL,66.358875,4.19507751219,0.0,,,,,1.62696154428,,
1010,2013-10-09,AAPL,67.138456,4.20675699456,0.0,,,,,1.48677693002,,
1011,2013-10-10,AAPL,67.55928,4.21300543469,0.0,,,,,1.46194039881,,
1012,2013-10-11,AAPL,67.996669,4.21945871868,0.0,,,,,1.46670063584,,
1013,2013-10-14,AAPL,68.442341,4.22599165358,0.0,,,,,1.40150622741,,
1014,2013-10-15,AAPL,68.806595,4.2312995979,0.0,,,,,1.36197580299,,
1015,2013-10-16,AAPL,69.141883,4.23616066872,0.0,,,,,1.31244173313,,
1016,2013-10-17,AAPL,69.609624,4.24290283364,0.0,,,,,1.27070376487,,
1017,2013-10-18,AAPL,70.215346,4.25156689113,0.0,,,,,1.21696133234,,
1018,2013-10-21,AAPL,71.935929,4.27577584784,0.0,,,,,1.11975664624,,
1019,2013-10-22,AAPL,71.73034,4.27291381012,0.0,,,,,1.20785533421,,
1020,2013-10-23,AAPL,72.432652,4.2826571922,0.0,,,,,1.19723063535,,
1021,2013-10-24,AAPL,73.391582,4.29580924239,0.0,,,,,1.21785812262,,
1022,2013-10-25,AAPL,72.570618,4.28456012917,0.0,,,,,1.23593381121,,
1023,2013-10-28,AAPL,73.111495,4.29198560474,0.0,,,,,1.23213888677,,
1024,2013-10-29,AAPL,71.290195,4.26675880043,0.0,,,,,1.31713348265,,
1025,2013-10-30,AAPL,72.424362,4.2825427345,0.0,,,,,1.33638110495,,
1026,2013-10-31,AAPL,72.12082,4.27834276821,0.0,,,,,1.29919634668,,
1027,2013-11-01,AAPL,71.752417,4.27322154048,0.0,,,,,1.31961710684,,
1028,2013-11-04,AAPL,72.679625,4.28606108391,0.0,,,,,1.30851048091,,
1029,2013-11-05,AAPL,72.500261,4.28359016185,0.0,,,,,1.27946564675,,
1030,2013-11-06,AAPL,72.294846,4.28075284032,0.0,,,,,1.26007174777,,
1031,2013-11-07,AAPL,71.124913,4.26443766925,0.0,,,,,1.29514012187,,
1032,2013-11-08,AAPL,72.244883,4.28006150096,0.0,,,,,1.29521219406,,
1033,2013-11-11,AAPL,72.035328,4.27715666535,0.0,,,,,1.2888130146,,
1034,2013-11-12,AAPL,72.168556,4.27900443857,0.0,,,,,1.29212694105,,
1035,2013-11-13,AAPL,72.254599,4.28019597895,0.0,,,,,1.30227384815,,
1036,2013-11-14,AAPL,73.299643,4.29455573849,0.0,,,,,1.32711356927,,
1037,2013-11-15,AAPL,72.8597,4.28853567409,0.0,,,,,1.32619537652,,
1038,2013-11-18,AAPL,71.977034,4.27634709591,0.0,,,,,1.28226662559,,
1039,2013-11-19,AAPL,72.104718,4.27811947904,0.0,,,,,1.17893201671,,
1040,2013-11-20,AAPL,71.473254,4.26932330979,0.0,,,,,1.17517642847,,
1041,2013-11-21,AAPL,72.325382,4.28117513256,0.0,,,,,1.15837090113,,
1042,2013-11-22,AAPL,72.139412,4.27860052462,0.0,,,,,1.12754166617,,
1043,2013-11-25,AAPL,72.686219,4.28615180674,0.0,,,,,1.11592094911,,
1044,2013-11-26,AAPL,74.02686,4.30442800032,0.0,,,,,1.03149507256,,
1045,2013-11-27,AAPL,75.769985,4.32770223798,0.0,,,,,1.04414490353,,
1046,2013-11-29,AAPL,77.173071,4.34605057493,0.0,,,,,1.08707080741,,
1047,2013-12-02,AAPL,76.501361,4.33730853152,0.0,,,,,1.11900491411,,
1048,2013-12-03,AAPL,78.595605,4.36431578184,0.0,,,,,1.16887288389,,
1049,2013-12-04,AAPL,78.412408,4.36198218014,0.0,,,,,1.18631961145,,
1050,2013-12-05,AAPL,78.814877,4.36710177346,0.0,,,,,1.21046767882,,
1051,2013-12-06,AAPL,77.721271,4.35312897795,0.0,,,,,1.19325858248,,
1052,2013-12-09,AAPL,78.610866,4.36450993416,0.0,,,,,1.19964232851,,
1053,2013-12-10,AAPL,78.488742,4.36295520049,0.0,,,,,1.19561660805,,
1054,2013-12-11,AAPL,77.907241,4.35551890106,0.0,,,,,1.22587125797,,
1055,2013-12-12,AAPL,77.793432,4.35405700603,0.0,,,,,1.22601060308,,
1056,2013-12-13,AAPL,76.945477,4.34309708013,0.0,,,,,1.2298965933,,
1057,2013-12-16,AAPL,77.371537,4.34861897395,0.0,,,,,1.25494589504,,
1058,2013-12-17,AAPL,77.023189,4.34410653236,0.0,,,,,1.2346138149,,
1059,2013-12-18,AAPL,76.437523,4.33647371435,0.0,,,,,1.30941787639,,
1060,2013-12-19,AAPL,75.561802,4.32495089095,0.0,,,,,1.31600996555,,
1061,2013-12-20,AAPL,76.194652,4.3332912765,0.0,,,,,1.31330389701,,
1062,2013-12-23,AAPL,79.118813,4.37095068467,0.0,,,,,1.43869401529,,
1063,2013-12-24,AAPL,78.782954,4.36669665367,0.0,0.714436580129,0.00195042690852,62.8414312856,44.8962172581,1.43716716147,,
1064,2013-12-26,AAPL,78.259739,4.36003328174,0.117091841956,0.740308866984,0.00201469697847,65.4790218525,48.4747004789,1.39358905332,1.34832946789,
1065,2013-12-27,AAPL,77.730988,4.35325399383,0.124314087446,0.758546645866,0.00206227222436,67.4589492424,51.1707596815,1.34022659381,1.34095320724,
1066,2013-12-30,AAPL,76.957958,4.34325927274,0.110274555129,0.775503525958,0.00210252223126,69.1525116552,53.6280166174,1.30830687576,1.34361371147,
1067,2013-12-31,AAPL,77.86005,4.35491298436,0.121948892854,0.794200024917,0.00215048183452,71.1928407216,56.541355875,1.26507599236,1.34351029046,
1068,2014-01-02,AAPL,76.765051,4.34074947148,0.110453406367,0.808012567428,0.00218327601415,72.6021421303,58.6634432635,1.2223999273,1.3512561921,
1069,2014-01-03,AAPL,75.078841,4.31853877473,0.0818507045172,0.816885748188,0.00220098357776,73.367926755,59.9332137403,1.25640124657,1.3568480136,
1070,2014-01-06,AAPL,75.488255,4.32397708124,0.119764512633,0.816358424222,0.00219965203421,73.3102246237,59.8474194531,1.27763534488,1.35164638355,
1071,2014-01-07,AAPL,74.948378,4.31679958322,0.106524617819,0.814231465487,0.00219473315758,73.0972327072,59.5180669102,1.27562338834,1.34902030466,
1072,2014-01-08,AAPL,75.423016,4.32311248042,0.111720330061,0.813921794763,0.00219399241538,73.0651805689,59.4693429034,1.25695749534,1.35102879959,
1073,2014-01-09,AAPL,74.459866,4.31026026882,0.107615430589,0.805870079489,0.00217523639135,72.2555765,58.2286071776,1.29047444856,1.35888927739,
1074,2014-01-10,AAPL,73.96303,4.30356537377,0.0971623228176,0.795221301966,0.00215198096112,71.2570126813,56.6650943986,1.27944085846,1.35331882841,1.34053855346
1075,2014-01-13,AAPL,74.35023,4.30878676638,0.0805466011276,0.792392215936,0.00214636611894,71.0167860505,56.2731484672,1.33016582339,1.35183733626,1.34460012994
1076,2014-01-14,AAPL,75.82965,4.32848937711,0.109657300011,0.793403388076,0.00214875533774,71.118965694,56.4260283381,1.34258652557,1.35800677693,1.35147724585
1077,2014-01-15,AAPL,77.352111,4.34836786818,0.125233974272,0.800904438372,0.00216844305076,71.9632770817,57.6357080146,1.38144672264,1.36484540956,1.36044674558
1078,2014-01-16,AAPL,76.920491,4.34277230396,0.101380875379,0.812282925704,0.00219394716811,73.0632228984,59.3480084572,1.37881036321,1.35873340629,1.36281050748
1079,2014-01-17,AAPL,75.035816,4.31796554621,0.0994392781462,0.807080757988,0.00218242792757,72.5655506198,58.566259598,1.36604239081,1.35334277946,1.36934210395
1080,2014-01-21,AAPL,76.20159,4.33338232862,0.180807938732,0.796871947801,0.00213870839937,70.6896995949,56.3306386057,1.38415350562,1.32249153092,1.35973378272
1081,2014-01-22,AAPL,76.540221,4.33781636737,0.173559738633,0.788025644649,0.00210343468368,69.1911019611,54.5243627269,1.40032201326,1.32271442474,1.35936875816
1082,2014-01-23,AAPL,77.188347,4.34624850004,0.203328019183,0.780532810862,0.00205925618817,67.3327312702,52.5554060013,1.33086068937,1.3284914716,1.36786571332
1083,2014-01-24,AAPL,75.785246,4.3279036299,0.220248337643,0.770783225548,0.00197439018864,63.8199130215,49.1913184129,1.36958149613,1.31901203085,1.3748291177
1084,2014-01-27,AAPL,76.400056,4.33598342916,0.216098799614,0.762640179741,0.00190077030313,60.8323891897,46.3932242257,1.38991320873,1.31424842386,1.36892755495
1085,2014-01-28,AAPL,70.293597,4.25268071359,0.0963611764512,0.70470405943,0.00177814427245,55.9766402581,39.4469656231,1.69190528301,1.37201912748,1.41729241582
1086,2014-01-29,AAPL,69.495597,4.24126339805,0.0664272020186,0.636974251928,0.00165782316385,51.3546830657,32.7116108288,1.69870561825,1.36841812081,1.41972231736
1087,2014-01-30,AAPL,69.360976,4.23932440388,0.0754966469274,0.56839623793,0.00152722683297,46.4928899082,26.4263837143,1.71619231359,1.36428982651,1.42031184715
1088,2014-01-31,AAPL,69.474784,4.24096386659,0.0262569411782,0.507107398088,0.00143296584544,43.0811064359,21.8467477914,1.70911440043,1.33136937277,1.41800301116
1089,2014-02-03,AAPL,69.603846,4.24281982443,0.0314007423363,0.448935195232,0.00133728299938,39.6991156419,17.8223302312,1.67552962424,1.33264061863,1.40493553466
1090,2014-02-04,AAPL,70.611415,4.25719181698,0.0627801340708,0.399152271005,0.00123993587187,36.3403255831,14.5053234855,1.6389600952,1.33228232057,1.37478235934
1091,2014-02-05,AAPL,71.138788,4.26463272955,0.0603897480178,0.356240888014,0.00115429795841,33.4523753964,11.9171039174,1.64582936227,1.33542930589,1.37435837076
1092,2014-02-06,AAPL,71.553437,4.27044454119,0.074236925318,0.315949915055,0.00106658748391,30.5579326965,9.65477623973,1.63787713411,1.33582407727,1.37127795757
1093,2014-02-07,AAPL,72.554466,4.28433753498,0.102974154338,0.280887273373,0.000978507760788,27.7144772944,7.78464396019,1.63074617684,1.33920240669,1.36143129509
1094,2014-02-10,AAPL,73.854272,4.30209385429,0.0969409816022,0.257078688739,0.000919231966478,25.8358371379,6.64184313388,1.66116610735,1.3419097506,1.36411619356
1095,2014-02-11,AAPL,74.827377,4.31518382069,0.107762019921,0.238579134428,0.000870474759908,24.3112965801,5.8001680949,1.63474474292,1.34315745829,1.36112735013
1096,2014-02-12,AAPL,74.821793,4.31510919281,0.121771376988,0.217317989847,0.00081050847002,22.4615745326,4.88130422623,1.60253240266,1.33516243559,1.35456657113
1097,2014-02-13,AAPL,76.009905,4.33086366074,0.140480705791,0.200752555669,0.000759603144942,20.9129629404,4.19833075688,1.58104613621,1.34248479341,1.35211909255
1098,2014-02-14,AAPL,75.948481,4.33005522884,0.128531456553,0.185008647619,0.000713225572732,19.5191463657,3.61121087179,1.57492937368,1.33513607526,1.31807536473
1099,2014-02-18,AAPL,76.227707,4.33372500553,0.148719097483,0.167549204207,0.000657013600868,17.8512912687,2.99096964614,1.52561340542,1.33082097082,1.31757220471
1100,2014-02-19,AAPL,75.024235,4.31781119467,0.117455471422,0.146299640489,0.000595609290381,16.055962322,2.34898151542,1.54618841162,1.33569408239,1.32375178932
1101,2014-02-20,AAPL,74.155837,4.3061687843,0.0976410198569,0.122199824354,0.000528527942632,14.1258939139,1.72618175512,1.53883331091,1.33980173854,1.32573764899
1102,2014-02-21,AAPL,73.332115,4.29499864391,0.0784662848705,0.0962757125462,0.00045656352001,12.0910027569,1.16406990582,1.52731181097,1.34196062163,1.3320683986
1103,2014-02-24,AAPL,73.653231,4.2993680116,0.0761354729231,0.0744224068092,0.000391450074465,10.2811158682,0.765145387594,1.5003519212,1.34097774059,1.33103208293
1104,2014-02-25,AAPL,72.88675,4.28890686667,0.0592988942412,0.0524663401192,0.000321440784316,8.3677333711,0.439024345075,1.49737739058,1.34433766555,1.32590164157
1105,2014-02-26,AAPL,72.229168,4.27984395324,0.0446514452029,0.0322778053228,0.000247484863812,6.38253321742,0.206014164658,1.22693279227,1.35301714062,1.32791813551
1106,2014-02-27,AAPL,73.669985,4.29959545708,0.0583304544211,0.0202349856618,0.000192330065104,4.92572325517,0.0996719394426,1.25507944244,1.36494604915,1.32967181811
1107,2014-02-28,AAPL,73.470331,4.29688166486,0.0463571738292,0.0111528691252,0.000140743743794,3.58122856354,0.0399409734765,1.26128031879,1.37413849016,1.33623412914
1108,2014-03-03,AAPL,73.682548,4.29976597333,0.0242802035684,0.00671210351892,0.000108658504645,2.75369483036,0.0184830847609,1.26063426956,1.36267551129,1.33390639242
1109,2014-03-04,AAPL,74.168408,4.30633829131,0.033989355132,0.0035795528066,7.88493540523e-05,1.99079095987,0.00712614136776,1.23620272243,1.33894003824,1.32678377029
1110,2014-03-05,AAPL,74.324771,4.30844428782,0.0261224592467,0.00190593867439,5.73312064213e-05,1.4436008699,0.00275141472833,1.22040701734,1.33743262768,1.3215083768
1111,2014-03-06,AAPL,74.09999,4.30541539735,0.0096524421561,0.00107513609436,4.30212830567e-05,1.08133671423,0.00116258413163,1.20200370403,1.33190610175,1.3223710318
1112,2014-03-07,AAPL,74.056707,4.30483111055,0.0204778330536,0.000226797157364,1.96988631802e-05,0.49368621388,0.000111966629938,1.20367910379,1.32865636451,1.31867365116
1113,2014-03-10,AAPL,74.123723,4.30573562951,0.0138449911331,3.01449731699e-06,2.26752863715e-06,0.0567042867324,1.70934920217e-07,1.16577376988,1.32445460293,1.31428480359
1114,2014-03-11,AAPL,74.845533,4.31542642973,0.049871346263,0.000441595841781,-2.71871669991e-05,-0.677374580312,-0.000299125797994,1.12270314656,1.29870300924,1.31626166228
1115,2014-03-12,AAPL,74.918126,4.31639586392,0.0344326678363,0.00121464808219,-4.49096950003e-05,-1.11646314463,-0.00135610981746,1.09889933742,1.29038373218,1.31841887099
1116,2014-03-13,AAPL,74.086024,4.30522690453,0.0272487750417,0.00338020976661,-7.45179749663e-05,-1.84570373089,-0.00623886577742,1.12807834294,1.29713621253,1.32604148675
1117,2014-03-14,AAPL,73.25393,4.29393189834,0.0209263055208,0.00838634089079,-0.000116679702245,-2.87485899975,-0.0241095475849,1.10881232386,1.29563928609,1.33048929085
1118,2014-03-17,AAPL,73.540143,4.29783142039,0.011839879471,0.0133228008724,-0.000146707954617,-3.60125360469,-0.0479787846663,1.11237266012,1.29154989287,1.3165985675
1119,2014-03-18,AAPL,74.190746,4.30663942541,0.0233169505417,0.0185328673709,-0.000172328108317,-4.21671813839,-0.0781478779991,1.109370822,1.29302212088,1.29787530227
1120,2014-03-19,AAPL,74.171196,4.30637588074,0.0259541323319,0.0253795678762,-0.00020064612812,-4.89242171099,-0.124167548893,1.0723732581,1.2939833069,1.29878031387
1121,2014-03-20,AAPL,73.813784,4.30154548923,0.0378049109178,0.0387825401025,-0.00024514582872,-5.9446227199,-0.230547569029,1.05108217729,1.28556663974,1.29238245992
1122,2014-03-21,AAPL,74.395978,4.30940188124,0.0297750499506,0.0485904473775,-0.000272797589792,-6.59257970055,-0.320336397022,1.03328167037,1.28375383859,1.29153797043
1123,2014-03-24,AAPL,75.278327,4.32119227133,0.0450195631788,0.0574129541897,-0.000294470638122,-7.09731695002,-0.407477932921,1.03418907968,1.28439464394,1.29144212152
1124,2014-03-25,AAPL,76.08809,4.33189174802,0.0543108275576,0.0633146653568,-0.000307646097641,-7.40282241187,-0.468707223703,1.02015803001,1.28390012976,1.26650655104
1125,2014-03-26,AAPL,75.360703,4.32228595878,0.0429883224457,0.0728180027287,-0.000327836906273,-7.86904771185,-0.573008337754,1.02532366838,1.29147265623,1.2657066482
1126,2014-03-27,AAPL,75.036799,4.31797864654,0.0236993787269,0.0792092847173,-0.000341119805543,-8.17448183955,-0.647494859446,0.98099631279,1.28803110327,1.26603181133
1127,2014-03-28,AAPL,74.953036,4.31686173073,0.0287310543414,0.0890013196345,-0.000360115979562,-8.60953136792,-0.76625965318,0.939531380749,1.28821315777,1.26021698392
1128,2014-03-31,AAPL,74.936275,4.3166380857,0.0411136835675,0.105649746182,-0.000388872347312,-9.26418982963,-0.978759304085,0.918868449963,1.28192036115,1.25597798623
1129,2014-04-01,AAPL,75.621781,4.32574435016,0.0487771549152,0.119502344761,-0.000410293139295,-9.74879931041,-1.1650043762,0.920613909306,1.28153601437,1.2550134228
1130,2014-04-02,AAPL,75.747432,4.32740454282,0.0598010830737,0.139634954506,-0.000437870609032,-10.3688842465,-1.44785868004,0.903859876675,1.27714006061,1.25026600258
1131,2014-04-03,AAPL,75.222488,4.3204502288,0.0400565599501,0.158358166754,-0.000462621232174,-10.921778415,-1.72955280749,0.893877883782,1.27312987568,1.24211858418
1132,2014-04-04,AAPL,74.249382,4.30742945442,0.0292485056574,0.187885122822,-0.00049948601291,-11.7389692126,-2.20557767231,0.918240948871,1.282145094,1.24327940213
1133,2014-04-07,AAPL,73.083608,4.29160410084,0.00546718491438,0.222732721596,-0.000542762677051,-12.6887328693,-2.82619600558,0.952725799411,1.28818901411,1.24706736055
1134,2014-04-08,AAPL,73.079411,4.29154667182,-0.0127987192757,0.246207939194,-0.000572481141872,-13.3350182753,-3.28318736868,0.949933476703,1.28057821016,1.24782296941
1135,2014-04-09,AAPL,74.03996,4.30460494746,-0.0228325899761,0.248128420707,-0.000574987153997,-13.3892971444,-3.32226515481,0.971712968748,1.27428774667,1.25230669511
1136,2014-04-10,AAPL,73.085003,4.29162318839,-0.0529727267171,0.246784711654,-0.000572879290442,-13.3436442306,-3.29300739388,0.961730635949,1.2692828411,1.25296490008
1137,2014-04-11,AAPL,72.544698,4.28420289603,-0.0517201648216,0.252569821431,-0.000581859850951,-13.5379816533,-3.4192856087,0.950910995393,1.25828508193,1.25543241463
1138,2014-04-14,AAPL,72.833692,4.28817865034,-0.0733108804239,0.244321605039,-0.000566823346112,-13.2123483491,-3.22806215497,0.948607769006,1.24260208956,1.24986679618
1139,2014-04-15,AAPL,72.31434,4.28102244975,-0.0777691714301,0.239416676894,-0.000557524054462,-13.0103477111,-3.11489421422,0.973598610969,1.24575078744,1.25680862112
1140,2014-04-16,AAPL,72.460928,4.28304749245,-0.0806186502074,0.231219479475,-0.000541573478677,-12.6627714061,-2.92787941322,0.971574260826,1.24089588068,1.25805988034
1141,2014-04-17,AAPL,73.28884,4.29440834628,-0.0570298316403,0.221897802234,-0.000526382666139,-12.3304599285,-2.73610195867,0.995517934382,1.2416242735,1.25981186657
1142,2014-04-21,AAPL,74.158633,4.30620648797,-0.0566363560987,0.201663343569,-0.000493056751425,-11.5969918305,-2.33868814787,1.00082300521,1.23957176674,1.26619423824
1143,2014-04-22,AAPL,74.23262,4.30720367621,-0.0542258914024,0.181227774796,-0.000459205044371,-10.8456689355,-1.96553644736,0.984767246447,1.23753923025,1.26521138099
1144,2014-04-23,AAPL,73.262311,4.29404630203,-0.0596212873204,0.170021969021,-0.000439644867144,-10.4086326139,-1.76969621183,0.989583172189,1.23139166626,1.25812417097
1145,2014-04-24,AAPL,79.268493,4.37284073569,0.0189612536956,0.112367487933,-0.000362442862979,-8.66267964917,-0.973403550943,1.23467517081,1.29339811572,1.30381270166
1146,2014-04-25,AAPL,79.850679,4.38015837807,0.0377566312312,0.0676185400827,-0.000288398866343,-6.95618889264,-0.47036733746,1.24619347868,1.29165263335,1.29785634558
1147,2014-04-28,AAPL,82.943129,4.41815518017,0.0720108739729,0.0240401775755,-0.000182992272444,-4.47174019731,-0.107501428415,1.37966392493,1.31592827552,1.31234878608
1148,2014-04-29,AAPL,82.697403,4.41518819888,0.0736689050878,0.00458653121416,-8.42841675103e-05,-2.08505985134,-0.00956319209154,1.39076355909,1.3166203043,1.30035612127
1149,2014-04-30,AAPL,82.384669,4.41139936378,0.0778040125659,1.33538479973e-05,4.76055432333e-06,0.11908470768,1.59023908515e-06,1.42217643985,1.30659347292,1.30218478848
1150,2014-05-01,AAPL,82.578731,4.41375215342,0.0928634417692,0.00395223543715,8.5664106877e-05,2.16469956852,0.0085554023455,1.4586158984,1.30883026791,1.2998956465
1151,2014-05-02,AAPL,82.732313,4.41561025123,0.0858020980265,0.0147967765327,0.000172714453402,4.41243727489,0.065289848321,1.45568342493,1.30476977077,1.29460355267
1152,2014-05-05,AAPL,83.902277,4.42965275256,0.0604592488009,0.0404743740867,0.000296906429033,7.70508453836,0.311858473975,1.46671260326,1.28837144688,1.29669345707
1153,2014-05-06,AAPL,82.987799,4.41869359699,0.0533725226906,0.0724670924491,0.000408916770697,10.7637304994,0.7800162532,1.46720132947,1.29486327367,1.30138430483
1154,2014-05-07,AAPL,82.697403,4.41518819888,0.0567043036011,0.107898341466,0.000512511742858,13.6698417719,1.47495325529,1.48213940577,1.30025606626,1.29907659897
1155,2014-05-08,AAPL,82.549993,4.41340408557,0.0619959314038,0.144609948877,0.000608813542043,16.4397033836,2.37734466585,1.47924033583,1.30517968934,1.30295264166
1156,2014-05-09,AAPL,82.206023,4.40922857188,0.0681939221932,0.179003290425,0.000693579427163,18.933562963,3.38917006985,1.46969608444,1.30514710969,1.30092479831
1157,2014-05-12,AAPL,83.229499,4.42160184028,0.0689628249661,0.222748290311,0.000795053301301,21.9893213902,4.89808374475,1.48243804013,1.30658775921,1.30093084365
1158,2014-05-13,AAPL,83.360066,4.42316936975,0.0859116865564,0.261272836396,0.000885968281249,24.7937352428,6.47792953174,1.47483892668,1.29869964498,1.29791181854
1159,2014-05-14,AAPL,83.375504,4.4233545492,0.110506007944,0.28972777978,0.000959024824107,27.0939265216,7.84986317661,1.44232031502,1.28706613598,1.28338910884
1160,2014-05-15,AAPL,82.666517,4.41481464701,0.095091110531,0.318988143554,0.00102817309062,29.3101081467,9.34957698508,1.45389313337,1.28006427813,1.28563651391
1161,2014-05-16,AAPL,83.886533,4.42946508807,0.119257484131,0.346771680117,0.00110118242479,31.6919907021,10.989884862,1.47796075562,1.28658813289,1.29274323829
1162,2014-05-19,AAPL,84.880527,4.44124470305,0.125392903938,0.378055823965,0.00118569547027,34.504015492,13.0444440069,1.49105560437,1.29159356875,1.27666655606
1163,2014-05-20,AAPL,84.897367,4.44144307988,0.140176199082,0.40300899645,0.00125878191852,36.9842102613,14.9049694619,1.4936503524,1.2826894311,1.27650801917
1164,2014-05-21,AAPL,85.121994,4.44408545107,0.150872185739,0.424736468513,0.00132662961273,39.3275435008,16.7038419418,1.47561249276,1.27498536277,1.27452885885
1165,2014-05-22,AAPL,85.256783,4.44566767898,0.146691583873,0.447932873672,0.00139723423048,41.8086684296,18.7274769941,1.2000994188,1.26449447026,1.27578726665
1166,2014-05-23,AAPL,86.219878,4.45690075433,0.137020650893,0.479722230866,0.00148857325543,45.0840891999,21.6278398475,1.20202678619,1.26041713571,1.27660032767
1167,2014-05-27,AAPL,87.834399,4.47545321207,0.13551392282,0.521087315915,0.00160628005147,49.4168721203,25.7505052541,1.11815734096,1.25741952404,1.2829650558
1168,2014-05-28,AAPL,87.606968,4.47286053816,0.138928871372,0.558835951782,0.00171580382071,53.5645717078,29.9338084121,1.11546108657,1.25809824282,1.27896835312
1169,2014-05-29,AAPL,89.203239,4.49091735059,0.188808808316,0.583816277446,0.00181783254845,57.5319544525,33.5880914827,1.13850993959,1.25603070598,1.27860652708
1170,2014-05-30,AAPL,88.869106,4.48716456806,0.166236898731,0.615131484072,0.00192581284178,61.8424605649,38.0412445459,1.18678346533,1.26497025896,1.28172527059
1171,2014-06-02,AAPL,88.258386,4.48026871679,0.153098133856,0.647891655322,0.00202953089931,66.0938368405,42.8216453571,1.24199329439,1.26958561102,1.28787753388
1172,2014-06-03,AAPL,89.506489,4.49431112545,0.159585513601,0.683662018293,0.00214750745579,71.065589953,48.5848446584,1.23884234007,1.26792292481,1.29307042602
1173,2014-06-04,AAPL,90.528555,4.5056653258,0.194540623382,0.709800247279,0.00225762308622,75.8402579376,53.8314338379,1.25172623751,1.2686732162,1.29363466262
1174,2014-06-05,AAPL,90.883749,4.50958120632,0.189576994551,0.738614481557,0.00237373329792,81.0192737618,59.8420088857,1.23244418332,1.26526294951,1.28967726394
1175,2014-06-06,AAPL,90.633854,4.50682780771,0.289361447814,0.742474817952,0.0024225694005,83.242889185,61.8057489934,1.22388054317,1.2011741916,1.28169558562
1176,2014-06-09,AAPL,92.084113,4.5227024311,0.325035210504,0.743925286447,0.0024702989597,85.4425120471,63.5628452493,1.27477314361,1.21093989311,1.28736212192
1177,2014-06-10,AAPL,92.624631,4.5285550998,0.335399764271,0.745033621207,0.00251623044491,87.5841973622,65.2531717213,1.29049715514,1.21198883511,1.28274093015
1178,2014-06-11,AAPL,92.241357,4.52440858747,0.327695484451,0.746739355173,0.00255559066713,89.4391477257,66.7877314999,1.32692908587,1.21376957508,1.28753556307
1179,2014-06-12,AAPL,90.698433,4.50754008024,0.303066399521,0.74872084958,0.00257931690638,90.5661565169,67.8087696506,1.39628355961,1.22501145495,1.2894373426
1180,2014-06-13,AAPL,89.705848,4.49653596203,0.270415668628,0.751658972017,0.00260138898496,91.6206108865,68.8674541946,1.41284999549,1.2298175893,1.29137581188
1181,2014-06-16,AAPL,90.609981,4.50656437254,0.27370712304,0.755697863394,0.00263244129392,93.1139655034,70.3660247831,1.39993389251,1.23194469516,1.29266561414
1182,2014-06-17,AAPL,90.492055,4.5052620568,0.264677963687,0.760113513548,0.00266291003678,94.5905670773,71.8995682897,1.37396106103,1.23294555251,1.28528663039
1183,2014-06-18,AAPL,90.590329,4.50634746342,0.248583774292,0.766524165677,0.00270071490009,96.4384029177,73.9223663357,1.38034923339,1.22704566589,1.27866156662
1184,2014-06-19,AAPL,90.275848,4.50286996064,0.22235106454,0.775889129236,0.00274561782038,98.6559911406,76.5461110601,1.39495013928,1.21582625875,1.27553624496
1185,2014-06-20,AAPL,89.342234,4.49247432121,0.193977893946,0.786862846916,0.00278940474134,100.8425708,79.3492723501,1.43566441674,1.22025439777,1.2245390934
1186,2014-06-23,AAPL,89.263612,4.49159392444,0.193016211199,0.796990726967,0.00282957205946,102.869557955,81.9860837773,1.42780261066,1.22158829305,1.22241972615
1187,2014-06-24,AAPL,88.723094,4.48552021619,0.167257004202,0.809958685922,0.00287418541689,105.144896203,85.1630219597,1.42162520199,1.22199264977,1.22405163348
1188,2014-06-25,AAPL,88.801716,4.48640597414,0.169236235284,0.82207351323,0.002916296013,107.315997916,88.2216394329,1.43075078113,1.22605855559,1.22329562926
1189,2014-06-26,AAPL,89.332404,4.4923642888,0.171915141039,0.835306015907,0.00296294657861,109.7480043,91.6731682253,1.40189994145,1.2285388251,1.22388059053
1190,2014-06-27,AAPL,90.393781,4.50417547078,0.204861082556,0.844878793495,0.00300371789857,111.896862919,94.539286539,1.35514874915,1.22251700063,1.22496300138
1191,2014-06-30,AAPL,91.327395,4.51445079736,0.231560436706,0.852059194086,0.00304022792016,113.839806303,96.9982536138,1.35458716004,1.22864202194,1.22962909343
1192,2014-07-01,AAPL,91.907217,4.52077955729,0.253301053706,0.856956826585,0.00306957831574,115.414647741,98.9053702696,1.33696766421,1.22562422553,1.23288853204
1193,2014-07-02,AAPL,91.867913,4.52035181714,0.247303231002,0.861988160278,0.00309817126603,116.95999951,100.818134804,1.30194011704,1.22458170416,1.22787345066
1194,2014-07-03,AAPL,92.408424,4.52621814332,0.26783570402,0.865171558173,0.0031195877849,118.124746813,102.198171259,1.29871115003,1.22111489605,1.21718627248
1195,2014-07-07,AAPL,94.31497,4.54663992571,0.305774005316,0.867729302474,0.00314526977654,119.529721787,103.719442111,1.34735739793,1.22793521508,1.22421811662
1196,2014-07-08,AAPL,93.70566,4.54015859297,0.271965237946,0.872288653754,0.00317660642752,121.256307701,105.770501404,1.38421109365,1.2396358156,1.24369786012
1197,2014-07-09,AAPL,93.744971,4.54057802075,0.275956834875,0.8759148322,0.00320225717249,122.679714033,107.456981132,1.3699607577,1.23614004376,1.24052385444
1198,2014-07-10,AAPL,93.401008,4.53690213747,0.267613709558,0.879146981561,0.0032233635354,123.857809177,108.889219081,1.40632292773,1.24614483245,1.25381427388
1199,2014-07-11,AAPL,93.577904,4.53879428724,0.261694925419,0.882945219885,0.00324687521534,125.177502193,110.524877199,1.34784887502,1.24982171108,1.25388443652
1200,2014-07-14,AAPL,94.786689,4.55162898801,0.27530415129,0.887385530446,0.00327754022333,126.910403612,112.618455828,1.35325371469,1.2593390776,1.2527888725
1201,2014-07-15,AAPL,93.676178,4.53984391999,0.264186108527,0.889904321167,0.00329329911545,127.806131055,113.735228297,1.3704517914,1.26937760347,1.25898931024
1202,2014-07-16,AAPL,93.14549,4.53416267934,0.257759003516,0.891133634466,0.00330059887631,128.222243199,114.263153601,1.44219317985,1.28594868052,1.26826290416
1203,2014-07-17,AAPL,91.484632,4.51617100189,0.234215286245,0.88934640237,0.00329161999202,127.710522471,113.578893704,1.52916677518,1.30779966707,1.28442453742
1204,2014-07-18,AAPL,92.801527,4.5304630944,0.239907356929,0.890359069736,0.00329690614711,128.011649686,113.97633333,1.56651115943,1.31445026161,1.28936299873
1205,2014-07-21,AAPL,92.31998,4.52526058612,0.232278287367,0.890089089361,0.00329556697351,127.935325668,113.873837521,1.54833009997,1.32012790056,1.28881855494
1206,2014-07-22,AAPL,93.086527,4.53352945845,0.256465416473,0.888884397704,0.00328848079319,127.531885425,113.361103164,1.54489003098,1.31421311261,1.28038184386
1207,2014-07-23,AAPL,95.513932,4.55927212166,0.303874508849,0.888835404568,0.00328803449726,127.506500203,113.332291693,1.62400177943,1.33647919545,1.29659592561
1208,2014-07-24,AAPL,95.356688,4.55762447117,0.296661715765,0.888467381374,0.00328493384208,127.330213735,113.128741567,1.61663146316,1.33811606738,1.29449506798
1209,2014-07-25,AAPL,95.98565,4.56419870113,0.293768497758,0.888961208721,0.00328897027231,127.559730156,113.395651903,1.61417442939,1.34071740452,1.29947493192
1210,2014-07-28,AAPL,97.312368,4.57792609314,0.311996748711,0.889927179172,0.00329862580591,128.109696321,114.008300671,1.63677739436,1.34794014202,1.30823707678
1211,2014-07-29,AAPL,96.683405,4.5714417745,0.309828595158,0.889599478942,0.00329544213786,127.928212166,113.804870885,1.6092603619,1.35268161852,1.31108042501
1212,2014-07-30,AAPL,96.457376,4.56910121129,0.296540197375,0.889187243818,0.00329198542357,127.731326573,113.577066225,1.60385517815,1.35241833837,1.31292374691
1213,2014-07-31,AAPL,93.951349,4.54277708446,0.248053095016,0.885899341439,0.00327379997363,126.698327387,112.241964794,1.6947598187,1.37137520172,1.33367066042
1214,2014-08-01,AAPL,94.472207,4.54830568542,0.241616224037,0.884053339176,0.00326403143309,126.145374904,111.519239905,1.73947535444,1.38096319037,1.34054071405
1215,2014-08-04,AAPL,93.941519,4.54267245036,0.246558421834,0.879561351049,0.00323937782349,124.755836498,109.730412102,1.7124498509,1.38062992231,1.34692821932
1216,2014-08-05,AAPL,93.47963,4.5377435516,0.245783818683,0.873145690207,0.00320425863881,122.791163401,107.214575119,1.63579468747,1.38514656553,1.34524112902
1217,2014-08-06,AAPL,93.322386,4.53606001476,0.245078131325,0.865681360225,0.00316345147681,120.529848967,104.340443601,1.61515728057,1.3862791326,1.34179284579
1218,2014-08-07,AAPL,93.312514,4.53595422533,0.245224879406,0.857557650778,0.00311879064129,118.081281957,101.261506756,1.60676431184,1.39901057953,1.35269260423
1219,2014-08-08,AAPL,93.569296,4.53870229548,0.237332614528,0.849993128628,0.00307935362789,115.941727882,98.5496720206,1.63220110332,1.40795219864,1.35845049279
1220,2014-08-11,AAPL,94.80385,4.55181002025,0.251578403344,0.844482453833,0.00304725701987,114.215911997,96.45333363,1.61631344243,1.41766209221,1.36157690936
1221,2014-08-12,AAPL,94.7841,4.55160167368,0.260050053117,0.83793615623,0.00300610417958,112.023311999,93.8683834643,1.58959794704,1.42398206197,1.36669246419
1222,2014-08-13,AAPL,96.038404,4.56474815314,0.293457284264,0.832901429793,0.00296102363887,109.64719534,91.3253057712,1.5363480918,1.42330582339,1.36887618845
1223,2014-08-14,AAPL,96.295193,4.56741840063,0.317603162121,0.828486371255,0.00290180890426,106.566503635,88.2888958936,1.44120898532,1.41635148616,1.36582851855
1224,2014-08-15,AAPL,96.769265,4.57232943353,0.32416591316,0.824956165565,0.00284160826429,103.480922195,85.367224783,1.42237034085,1.41943623142,1.3698054609
1225,2014-08-18,AAPL,97.934684,4.58430076667,0.322727402878,0.822474870716,0.00279533680248,101.140644371,83.1856384036,1.42811527678,1.42155063568,1.36937687662
1226,2014-08-19,AAPL,99.28775,4.5980221999,0.358524265231,0.822806083328,0.00274478889373,98.6148275944,81.140880051,1.45649528192,1.42416081172,1.37548163769
1227,2014-08-20,AAPL,99.327257,4.59842002483,0.369186994203,0.825012901627,0.00268392993251,95.6158269325,78.884290819,1.35751584209,1.42683582805,1.38019281788
1228,2014-08-21,AAPL,99.337135,4.59851946892,0.363889873934,0.827933779702,0.00262094898017,92.5599302078,76.6334928659,1.35427901603,1.42826523338,1.3815771812
1229,2014-08-22,AAPL,100.067989,4.60584984497,0.383791776292,0.834933435243,0.00255286869522,89.3102795676,74.5681385219,1.35852298396,1.42625615407,1.38705674685
1230,2014-08-25,AAPL,100.285271,4.60801883473,0.383990983389,0.844512981265,0.00248254668647,86.0111945408,72.6375703238,1.31943052105,1.42524153318,1.39135120566
1231,2014-08-26,AAPL,99.643302,4.60159682915,0.359597204704,0.853716683407,0.00241067993159,82.6990326978,70.6015439158,1.29453633353,1.41913015166,1.39121211496
1232,2014-08-27,AAPL,100.867977,4.61381250335,0.360164999266,0.863631701245,0.00235154272302,80.0178237359,69.1059292429,1.33626928449,1.42696195599,1.39652941403
1233,2014-08-28,AAPL,100.986497,4.61498681483,0.360405937444,0.876899240723,0.00228894867468,77.2227391402,67.7165613186,1.25794721489,1.43208186137,1.39471494352
1234,2014-08-29,AAPL,101.233408,4.61742882095,0.381793812101,0.901992297331,0.00221322091614,73.8991294001,66.6564454984,1.20357542033,1.42851702329,1.39126910278
1235,2014-09-02,AAPL,102.023525,4.62520342395,0.287062755186,0.903975735315,0.00219688705884,73.190466394,66.1624056766,1.19552476569,1.37192983228,1.39169057871
1236,2014-09-03,AAPL,97.717401,4.58207964964,0.223751660271,0.901333129499,0.00215028744171,71.1845212593,64.1609673185,1.36374677875,1.4112695211,1.42564435758
1237,2014-09-04,AAPL,96.907534,4.57375726613,0.168361203253,0.895003319018,0.00212272864703,70.0091650653,62.6584350952,1.43948922392,1.39957364349,1.43950849149
1238,2014-09-05,AAPL,97.747029,4.58238280454,0.181984263762,0.89029118058,0.00209670480275,68.9066822996,61.3470115344,1.41084744971,1.40347366634,1.44514054037
1239,2014-09-08,AAPL,97.144566,4.57620024014,0.179158297037,0.883546061681,0.00206056101414,67.3873251974,59.5398057854,1.397020151,1.40236191223,1.44313480079
1240,2014-09-09,AAPL,96.779136,4.57243143386,0.171962015255,0.875295567405,0.00202070547795,65.727778792,57.531233432,1.67356013053,1.46542747713,1.5019740833
1241,2014-09-10,AAPL,99.751943,4.60268653428,0.20571925748,0.873713544232,0.00200179435693,64.9461035222,56.7442902924,1.77627515048,1.49522466765,1.52284390741
1242,2014-09-11,AAPL,100.17663,4.60693492791,0.193967953933,0.872698006633,0.00199343451457,64.6017326526,56.3778033109,1.80343541455,1.49813311479,1.52939867032
1243,2014-09-12,AAPL,100.403791,4.60919996551,0.209862078641,0.871605154754,0.0019756063497,63.8697284437,55.6691845442,1.82022549332,1.49480130035,1.53292016792
1244,2014-09-15,AAPL,100.374156,4.60890476376,0.213752214202,0.870651317511,0.00195179985893,62.8973341815,54.761646873,1.8340524954,1.49763914023,1.53869932554
1245,2014-09-16,AAPL,99.613674,4.60129944432,0.206707237395,0.868774865296,0.00191789614734,61.5224630081,53.4491695125,1.90071834108,1.51521241462,1.50258551067
1246,2014-09-17,AAPL,100.324778,4.60841270334,0.220406660471,0.86915650466,0.00188298257932,60.1187665513,52.2526170002,1.88541041641,1.51654177438,1.50332502523
1247,2014-09-18,AAPL,100.532182,4.61047789515,0.207891230968,0.868530808302,0.00185557118218,59.0252479153,51.2652462821,1.86812671303,1.51254442203,1.4778853755
1248,2014-09-19,AAPL,99.712437,4.60229041342,0.196165523669,0.866509764653,0.00182022635458,57.6262579072,49.933715177,1.9184963585,1.52685577379,1.48712374108
1249,2014-09-22,AAPL,99.8112,4.60328040147,0.197128595469,0.865099658461,0.00178279664553,56.158161181,48.5824060575,1.93232326189,1.53514569782,1.48908611126
1250,2014-09-23,AAPL,101.371677,4.61879373261,0.226272506437,0.869044030377,0.00174737297566,54.7813428864,47.6073990115,2.00689040779,1.54812981639,1.50100610754
1251,2014-09-24,AAPL,100.492676,4.61008484922,0.197959581903,0.869323378434,0.00171318518958,53.4640723659,46.4775680139,2.05479118953,1.54731469253,1.51103366788
1252,2014-09-25,AAPL,96.660623,4.57120611167,0.13878443521,0.854129596725,0.00165636496163,51.2995166882,43.8164355011,2.16145649178,1.57593993097,1.53547819174
1253,2014-09-26,AAPL,99.505033,4.6002082258,0.172062650659,0.850937420695,0.00161880075403,49.8853059312,42.4492735597,2.24343071925,1.59869972067,1.54996082148
1254,2014-09-29,AAPL,98.872942,4.59383561171,0.161544007064,0.845639054516,0.00157593352821,48.2875906117,40.8338724697,2.3135532969,1.61472609088,1.557551881
1255,2014-09-30,AAPL,99.505033,4.6002082258,0.167121600166,0.842703996271,0.00153645474601,46.831235949,39.4648696846,2.32293604596,1.62144908276,1.56042972073
1256,2014-10-01,AAPL,97.954433,4.58450240115,0.136100343357,0.831933607925,0.00149133996241,45.1844752038,37.5904834785,2.19108585206,1.63106042462,1.56992231111
1257,2014-10-02,AAPL,98.665538,4.5917357264,0.123313179384,0.823262820285,0.00146332059229,44.1710344576,36.3643704025,2.18516024147,1.63668539916,1.58005293176
1258,2014-10-03,AAPL,98.388999,4.58892899903,0.123072756039,0.812877691183,0.00142938858201,42.9532039346,34.9157012433,2.18022210413,1.64008722579,1.58621717586
1259,2014-10-06,AAPL,98.388999,4.58892899903,0.102975632981,0.803226205739,0.00140707144607,42.157848234,33.8622884791,2.1787410846,1.6335243889,1.59041895471
1260,2014-10-07,AAPL,97.529747,4.58015742891,0.0974539003464,0.787708937699,0.0013739036187,40.9839551533,32.2834277765,1.90467000305,1.62495781884,1.59212945724
1261,2014-10-08,AAPL,99.554418,4.60070440923,0.127988200464,0.781161785746,0.00134909215683,40.1121572641,31.3340843985,1.87751001896,1.63645060644,1.60275376008
1262,2014-10-09,AAPL,99.771693,4.60288450581,0.114686701654,0.776051952052,0.00133441376817,39.5989443071,30.7308380287,1.87504076294,1.6395105421,1.60619570204
1263,2014-10-10,AAPL,99.485283,4.60000972368,0.0989381527188,0.771483323705,0.00132434689418,39.2480547921,30.27921976,1.90565749915,1.64011935849,1.61532159727
1264,2014-10-13,AAPL,98.576646,4.59083437757,0.0846454628539,0.762972841673,0.0013089382128,38.7126794054,29.5367230147,1.9234350726,1.65119267118,1.62826384151
1265,2014-10-14,AAPL,97.529747,4.58015742891,0.0760851789443,0.746672317387,0.00128230745423,37.7922408337,28.2184200425,1.8844230834,1.66199964579,1.63945024359
1266,2014-10-15,AAPL,96.334699,4.56782857581,0.046159819121,0.726125089592,0.00125732845152,36.9344437962,26.8190263105,2.02071757002,1.68230720247,1.667063182
1267,2014-10-16,AAPL,95.070518,4.55461891097,0.0264064425801,0.696490232081,0.00122631315126,35.8767838277,24.9878294945,2.09577829087,1.69149578552,1.67340956548
1268,2014-10-17,AAPL,96.46309,4.56916044813,0.0457683314438,0.677061860218,0.00120241590312,35.0674335857,23.7428218166,2.13972836986,1.70747783689,1.69197719774
1269,2014-10-20,AAPL,98.527268,4.59033334235,0.0863172024152,0.665251344942,0.00118065759976,34.3347186731,22.8412177755,2.17577754559,1.70836658359,1.69653963246
1270,2014-10-21,AAPL,101.20378,4.61713610793,0.128173717281,0.6620310049,0.0011689292166,33.9414132964,22.4702679524,2.21824592085,1.72710668869,1.70729859864
1271,2014-10-22,AAPL,101.717351,4.62219789814,0.122584398291,0.661262403075,0.00116643558995,33.8579393485,22.3889823368,2.21775202973,1.72905205636,1.70618541495
1272,2014-10-23,AAPL,103.534618,4.63990603021,0.144129371358,0.662584642616,0.00117403576886,34.1125171985,22.6024300167,2.12046943091,1.74183067983,1.71180360991
1273,2014-10-24,AAPL,103.919798,4.64361942856,0.14714008821,0.664005380396,0.00118295278943,34.4118217063,22.8496347622,2.02565574578,1.74210116787,1.70474672313
1274,2014-10-27,AAPL,103.811157,4.6425734505,0.149932781579,0.664482944915,0.00118623875489,34.5222852233,22.9394697504,1.95948378944,1.74017801313,1.70295980223
1275,2014-10-28,AAPL,105.421012,4.65796197108,0.179968389866,0.664343180887,0.0011907114361,34.672788176,23.0346303871,1.96936004126,1.74004811043,1.70952562035
1276,2014-10-29,AAPL,106.013596,4.66356735004,0.187646271809,0.663975945129,0.00119590673591,34.847818196,23.1381130224,1.91800253147,1.73999374036,1.69856818868
1277,2014-10-30,AAPL,105.658052,4.66020795507,0.190874294803,0.664390045758,0.00119126015852,34.691263938,23.0485304352,1.8819533647,1.73898054643,1.69834417367
1278,2014-10-31,AAPL,106.665444,4.66969724456,0.201164220745,0.664375976512,0.00119135305727,34.6943921368,23.0501206554,1.87652128312,1.73914733735,1.69613561531
1279,2014-11-03,AAPL,108.048146,4.68257692408,0.209506754123,0.662291445959,0.00120232726295,35.0644405187,23.2228790129,1.92936012517,1.75073776306,1.69703426782
1280,2014-11-04,AAPL,107.258029,4.67523741748,0.186564250476,0.66177475905,0.00121364040925,35.4469821763,23.4579180888,1.94812519445,1.75673036225,1.69918449703
1281,2014-11-05,AAPL,107.514818,4.67762867993,0.177246082624,0.662131318429,0.00123158608782,36.0560193543,23.8738196323,1.86763243723,1.75046066804,1.69629346902
1282,2014-11-06,AAPL,107.822309,4.68048458512,0.173164768987,0.663393516391,0.00125367826143,36.8095416069,24.4192112434,1.82932644684,1.74892360491,1.6972687792
1283,2014-11-07,AAPL,108.129811,4.68333245906,0.177013904735,0.664486274281,0.00127490717103,37.537551102,24.9431874774,1.7820845109,1.74681811268,1.69566865277
1284,2014-11-10,AAPL,107.951265,4.68167987528,0.16819723059,0.666864546292,0.0012966365082,38.2867341212,25.5320655787,1.71753536905,1.74426471986,1.69278088747
1285,2014-11-11,AAPL,108.814235,4.68964216226,0.153732382039,0.674689580289,0.00133693688109,39.68702806,26.7764243047,1.68819520255,1.73774138015,1.68995640076
1286,2014-11-12,AAPL,110.351723,4.70367274654,0.177642022904,0.678794473476,0.00138030690247,41.2098259623,27.9730021161,1.59431615672,1.72899721649,1.70036589121
1287,2014-11-13,AAPL,111.909046,4.71768645209,0.193760527165,0.68118506399,0.00143156562957,43.0310290924,29.3120943058,1.58935519491,1.7402501049,1.70695556407
1288,2014-11-14,AAPL,113.258065,4.72966897596,0.212600028899,0.681176704692,0.00148593356673,44.9883765773,30.6450341064,1.52199524853,1.73318279707,1.71022609122
1289,2014-11-17,AAPL,113.069597,4.72800353178,0.208293754902,0.683542249196,0.00153732523045,46.8631930026,32.0329723495,1.60630306237,1.76580084745,1.73742025664
1290,2014-11-18,AAPL,114.53765,4.74090358991,0.208372728369,0.68834775139,0.00160466655424,49.3566133472,33.9745138138,1.53459092996,1.76740384764,1.7431870348
1291,2014-11-19,AAPL,113.744106,4.7339512411,0.214226588109,0.692039476086,0.0016549707999,51.2467918782,35.4648030025,1.54982075833,1.76891182679,1.7452321346
1292,2014-11-20,AAPL,115.370864,4.74815184386,0.238609233791,0.692954260491,0.00170822722981,53.2739730292,36.9164265839,1.55670928857,1.76727870399,1.75575193478
1293,2014-11-21,AAPL,115.529576,4.74952656645,0.262830417244,0.691772106967,0.00174549098024,54.7085355712,37.8458389212,1.58568079474,1.75465983888,1.76149485867
1294,2014-11-24,AAPL,117.672131,4.76790220628,0.267997788442,0.690530415162,0.001803080707,56.952052833,39.3271246871,1.66123365055,1.7612274556,1.77546430233
1295,2014-11-25,AAPL,116.650449,4.75918184758,0.263544998602,0.691058215112,0.00184647593731,58.6640653085,40.5402842633,1.69481249375,1.77259975349,1.77901663951
1296,2014-11-26,AAPL,118.039146,4.77101631521,0.268058330289,0.692103579216,0.00190088398795,60.836960305,42.1054779757,1.71933080212,1.77875835617,1.76559213038
1297,2014-11-28,AAPL,117.969712,4.77042791355,0.235104759377,0.699900117856,0.00197023413754,63.6497904344,44.5484958265,1.71468181017,1.75913166437,1.76728838416
1298,2014-12-01,AAPL,114.140878,4.73743345739,0.196988699943,0.708296554484,0.00201070208458,65.3138365704,46.2615654029,2.05811533523,1.83725486447,1.82649409681
1299,2014-12-02,AAPL,113.704428,4.73360234459,0.184598197751,0.717731736954,0.00205032768824,66.9596402483,48.0590589012,2.0933250902,1.85721568768,1.84612951086
1300,2014-12-03,AAPL,114.993935,4.74487938784,0.181699072414,0.73137191619,0.00210570867105,69.2873139139,50.6747955448,2.09122452033,1.85771861246,1.84677865816
1301,2014-12-04,AAPL,114.557485,4.74107674941,0.184872264273,0.742195764683,0.00215069812892,71.2020979852,52.8458955611,2.12817580447,1.86577521083,1.84783827164
1302,2014-12-05,AAPL,114.071444,4.73682495385,0.182609860753,0.751408338876,0.00218802679735,72.8072627561,54.7079843657,2.15049437879,1.87039898282,1.83892901899
1303,2014-12-08,AAPL,111.492439,4.71395677694,0.186703971648,0.750954784639,0.00218612255001,72.7250153926,54.6131982721,2.27994069086,1.8768583065,1.84582343591
1304,2014-12-09,AAPL,113.198552,4.72914337417,0.198220678808,0.753201475943,0.00219666716843,73.1809459248,55.1199964815,2.4927087807,1.91164992569,1.87802041172
1305,2014-12-10,AAPL,111.046068,4.70994514224,0.182076564038,0.75053711484,0.00218595037671,72.7175808934,54.5772433619,2.58991744019,1.93273417777,1.8982738688
1306,2014-12-11,AAPL,110.718738,4.70699309368,0.184415663605,0.745840124545,0.00216662505314,71.8851376328,53.614820005,2.60975644766,1.94543316319,1.91333917455
1307,2014-12-12,AAPL,108.843999,4.68991565525,0.16632250487,0.735679998591,0.00213074136468,70.350065253,51.7551359062,2.61422032084,1.96226411385,1.90499927235
1308,2014-12-15,AAPL,107.356111,4.67615144865,0.150500682041,0.720178685748,0.00208216184953,68.2936968075,49.1836648117,2.80665377966,1.99982490103,1.94823055451
1309,2014-12-16,AAPL,105.888058,4.66238247949,0.131653892106,0.698796184789,0.00202324559883,65.8330543629,46.0038872218,2.80268637548,2.02590868571,1.97512264586
1310,2014-12-17,AAPL,108.526583,4.68699514758,0.144748689004,0.687792915768,0.00199014298805,64.466340624,44.3394923867,2.86666517617,2.04525978847,1.98916459116
1311,2014-12-18,AAPL,111.74042,4.71617850275,0.178894139418,0.684207462756,0.00197603851546,63.8874341217,43.7122592024,2.93114049143,2.06703239221,2.00960816051
1312,2014-12-19,AAPL,110.877442,4.70842546519,0.154511501461,0.680291061819,0.00196339229392,63.3701131223,43.1101215436,2.90088631319,2.07050941985,2.01515816179
1313,2014-12-22,AAPL,112.028079,4.71874954523,0.163381841916,0.67871541035,0.00195794433572,63.1477561939,42.8593552578,2.9093175977,2.08090619719,2.00440641447
1314,2014-12-23,AAPL,111.631308,4.71520154824,0.153582266022,0.676576710759,0.00195108443344,62.8682015607,42.5351610233,2.83839528088,2.0758996645,1.99524828762
1315,2014-12-24,AAPL,111.105588,4.71048099241,0.134486613547,0.675257115624,0.0019473814445,62.7174965415,42.3504358138,2.75904093475,2.06836101082,1.98833485628
1316,2014-12-26,AAPL,113.069597,4.72800353178,0.138807123739,0.681258527752,0.00196471641066,63.4242023498,43.2082787167,2.80913298473,2.07934451235,2.00025978983
1317,2014-12-29,AAPL,112.990248,4.7273015141,0.137555303677,0.686488243852,0.00197969519978,64.0373237763,43.9608699402,2.7952460752,2.07862727173,2.00330614309
1318,2014-12-30,AAPL,111.611465,4.71502377765,0.123562351582,0.687992988433,0.00198363203219,64.1988501141,44.168358744,2.48923673234,2.08946769032,2.00298858091
1319,2014-12-31,AAPL,109.488745,4.69582175859,0.0941435527399,0.685022050851,0.00197707436656,63.9298803624,43.7933777565,2.4852689318,2.10760367609,2.01674307655
1320,2015-01-02,AAPL,108.447227,4.68626366756,0.0813873853918,0.678530488928,0.00196365794587,63.3809633798,43.0059160708,2.60281222538,2.14291454676,2.04407841475
1321,2015-01-05,AAPL,105.392095,4.65768763329,0.0576937223538,0.656690298623,0.00192320807064,61.7371042297,40.5421574127,2.70250080625,2.17865620477,2.07041884348
1322,2015-01-06,AAPL,105.402016,4.65778176306,0.044950232322,0.638476951943,0.00189105405328,60.4421913696,38.5909461144,2.76995174673,2.18899508555,2.08564974997
1323,2015-01-07,AAPL,106.879983,4.67170655073,0.0583591487484,0.626918313599,0.00186925711645,59.5702820689,37.3457007752,2.6985329752,2.19698847546,2.09728823389
1324,2015-01-08,AAPL,110.986554,4.70940905884,0.0963431558088,0.629881378025,0.00187597650928,59.8385611919,37.6911953825,2.67125487373,2.23780091534,2.1277973183
1325,2015-01-09,AAPL,111.105588,4.71048099241,0.0890193021658,0.635294139276,0.00188779060913,60.3113462201,38.3154447855,2.65786407584,2.25769846891,2.14422362861
1326,2015-01-12,AAPL,108.367871,4.68553165208,0.108992563157,0.618730922623,0.00184762043202,58.7094693497,36.3253641375,2.72581033378,2.2481139532,2.16720218492
1327,2015-01-13,AAPL,109.330041,4.69437120646,0.128189279896,0.603364890679,0.00180598899989,57.0662099634,34.431747536,2.80516428332,2.26574746038,2.19452896059
1328,2015-01-14,AAPL,108.913434,4.69055338321,0.114237794378,0.587400214701,0.00176603604532,55.5052040034,32.6037687486,2.64348031064,2.27374331457,2.20607081344
1329,2015-01-15,AAPL,105.957492,4.66303799481,0.0907197011926,0.557459151476,0.00169951335716,52.9404339925,29.5121294123,2.61868177256,2.29738904606,2.22715440358
1330,2015-01-16,AAPL,105.134192,4.65523755323,0.0863311695612,0.522606119174,0.00162302337936,50.0436168501,26.1531003914,2.58346891308,2.24746174014,2.24197226957
1331,2015-01-20,AAPL,107.842152,4.68066860245,0.0811032723443,0.505683379935,0.00158646397143,48.67848844,24.6159025645,2.57057413305,2.24354327722,2.26481572041
1332,2015-01-21,AAPL,108.665452,4.68827391472,0.0847385463057,0.492512072422,0.00155737472423,47.6011741448,23.4441529278,2.63058597885,2.25432065637,2.27402150066
1333,2015-01-22,AAPL,111.492439,4.71395677694,0.110440531075,0.488550169758,0.0015474583394,47.2357098314,23.0770140568,2.69059741329,2.2743221794,2.29093645415
1334,2015-01-23,AAPL,112.067757,4.71910366159,0.116500117819,0.485416734159,0.00153936683625,46.9381713224,22.7845738307,2.75755229184,2.28112184148,2.30604366192
1335,2015-01-26,AAPL,112.186784,4.72016519649,0.126218715716,0.479962244073,0.00152454194826,46.3945937711,22.2676533392,2.80020514281,2.26824696676,2.30927093171
1336,2015-01-27,AAPL,108.258759,4.68452427816,0.0790829659249,0.462671838747,0.0014869779018,45.0262356308,20.8323712312,2.87757555484,2.29982565422,2.30302554504
1337,2015-01-28,AAPL,114.378938,4.7395169536,0.137734561456,0.463711960315,0.0014899954697,45.1356835372,20.9299562932,3.26988227936,2.39012850869,2.36938475418
1338,2015-01-29,AAPL,117.939955,4.77017563902,0.182800847601,0.468209652007,0.00150721630589,45.7618699594,21.4261492089,3.37254693288,2.41259004018,2.39532847754
1339,2015-01-30,AAPL,116.214007,4.75543337932,0.164338340787,0.469507191532,0.00151161463187,45.9222351657,21.5608196615,3.38395427498,2.43018834567,2.41412990135
1340,2015-02-02,AAPL,117.672131,4.76790220628,0.160798898493,0.476336660998,0.00153426321737,46.750811768,22.2691255765,3.33435759983,2.4379072561,2.37623790861
1341,2015-02-03,AAPL,117.691974,4.76807082163,0.171149766178,0.480234130883,0.00154805705892,47.2577497044,22.6947843568,3.21334256917,2.43611206691,2.35783232722
1342,2015-02-04,AAPL,118.594622,4.77571113984,0.226917624977,0.477981361723,0.00153572464009,46.804437806,22.3716489172,3.18358485039,2.41613472079,2.36167963714
1343,2015-02-05,AAPL,119.441089,4.78282327074,0.200352237459,0.480560210661,0.00154696025007,47.2173768389,22.6907925605,3.14413140758,2.39714418397,2.36206941674
1344,2015-02-06,AAPL,118.435288,4.77436671859,0.197853382374,0.47991884361,0.00154422070991,47.1165843797,22.6121366903,3.01553345326,2.39379650564,2.36409350987
1345,2015-02-09,AAPL,119.222003,4.78098732652,0.198150479484,0.480832710659,0.0015481328533,47.2605400582,22.7244135834,2.9349672558,2.39370540443,2.35107341156
1346,2015-02-10,AAPL,121.512431,4.8000165703,0.240499559627,0.481328581222,0.00155124501687,47.3751593636,22.8030182417,2.86600841332,2.39809674459,2.3633217843
1347,2015-02-11,AAPL,124.360535,4.82318488721,0.260425245946,0.484115016914,0.00157320053118,48.1863078299,23.3277152301,2.81747586347,2.40626204305,2.38439879068
1348,2015-02-12,AAPL,125.933965,4.83575768227,0.279959815426,0.486597854633,0.0015984541337,49.1248268653,23.9040353619,2.84823892047,2.42219149598,2.39201932583
1349,2015-02-13,AAPL,126.551389,4.84064846283,0.286235151147,0.48889508357,0.00162322720039,50.051262556,24.4698161901,2.76077270314,2.42672940573,2.39284429183
1350,2015-02-17,AAPL,127.298269,4.84653290767,0.305225050979,0.49013403988,0.00164159670929,50.7419392669,24.8703516842,2.74032600823,2.43316307463,2.38865938966
1351,2015-02-18,AAPL,128.184566,4.85347114722,0.287582897627,0.493551869457,0.00167605485114,52.0461204403,25.6874600413,2.65875241861,2.41715269937,2.38560796623
1352,2015-02-19,AAPL,127.915685,4.85137133594,0.282083937375,0.496960257747,0.00170644641774,53.2057501812,26.4411433236,2.55523300991,2.40547448903,2.35277680429
1353,2015-02-20,AAPL,128.96132,4.85951251444,0.296285401329,0.4998409052,0.00173655799959,54.363418991,27.1730605582,2.48261024294,2.40253390025,2.33877235889
1354,2015-02-23,AAPL,132.446761,4.88618076091,0.343591675862,0.501256102636,0.00177506166161,55.856482743,27.9984028467,2.546778502,2.41964260357,2.35268870294
1355,2015-02-24,AAPL,131.620212,4.87992059372,0.349539151373,0.502016693235,0.00179611913706,56.6791322232,28.4538705341,2.59040340017,2.4251314816,2.36276440255
1356,2015-02-25,AAPL,128.254267,4.85401475445,0.331340299304,0.501278804911,0.00178402789739,56.2062360863,28.1749948539,2.5887106496,2.42604633857,2.38255050455
1357,2015-02-26,AAPL,129.877492,4.86659163692,0.366117432956,0.501067298495,0.00176654414575,55.524958323,27.8217408659,2.3554495945,2.44783324283,2.40344262479
1358,2015-02-27,AAPL,127.925653,4.85144925923,0.326161674896,0.499690807603,0.00174372362672,54.6401945014,27.303202918,2.27903131893,2.44354625109,2.4150903205
1359,2015-03-02,AAPL,128.553022,4.8563414418,0.304745626358,0.498992264398,0.00173569966695,54.3302987541,27.1103988007,2.22139092989,2.44032465329,2.42265987041
1360,2015-03-03,AAPL,128.821903,4.85843085356,0.272896160598,0.5002095093,0.00174490411492,54.6858389677,27.3543766757,2.13934160324,2.4203729633,2.42317222865
1361,2015-03-04,AAPL,128.005307,4.852071724,0.258441217172,0.500880381821,0.00174926904268,54.8547292282,27.4756577205,2.12768100843,2.4160962844,2.40786652511
1362,2015-03-05,AAPL,125.884177,4.83536225404,0.215865566819,0.501227695482,0.00175087272042,54.9168259457,27.525834112,2.16744702082,2.42657418522,2.42016088872
1363,2015-03-06,AAPL,126.073382,4.83686413425,0.21317962916,0.501728041051,0.00175314046483,55.0046787884,27.5973897371,2.26553675709,2.45045107538,2.43404526833
1364,2015-03-09,AAPL,126.611137,4.84112047583,0.219629379528,0.502027914705,0.00175456152847,55.0597564497,27.6415347146,2.40047341964,2.49179420124,2.45950117928
1365,2015-03-10,AAPL,123.992079,4.82021768453,0.176160963054,0.500466948795,0.00174892750626,54.8415076604,27.4463620061,2.50055547034,2.51174883311,2.47429988894
1366,2015-03-11,AAPL,121.731517,4.80181793935,0.148263256724,0.494827102367,0.00173134139728,54.1622370631,26.8009428236,2.51200742091,2.53009783113,2.46157975448
1367,2015-03-12,AAPL,123.932324,4.81973564242,0.172956737836,0.492217730861,0.00172208939911,53.8060719432,26.4843026384,2.53043063068,2.55036810216,2.47132925864
1368,2015-03-13,AAPL,123.0759,4.81280123823,0.153849788503,0.489146031713,0.00171223903898,53.4277766275,26.1339849206,2.54138455933,2.56993889069,2.47235056372
1369,2015-03-16,AAPL,124.430244,4.82374526973,0.151618501626,0.490867498344,0.0017176980722,53.6373114095,26.3288128695,2.56379081688,2.56771400389,2.47044694609
1370,2015-03-17,AAPL,126.511554,4.84033363997,0.179506608312,0.4935296869,0.00172748795415,54.013794723,26.6574111979,2.58420533237,2.57451421639,2.46185127196
1371,2015-03-18,AAPL,127.935606,4.85152705921,0.189934637661,0.497897949823,0.00174455138223,54.6721988809,27.2211757351,2.65690162546,2.59254585231,2.47343788538
1372,2015-03-19,AAPL,126.96964,4.84394800276,0.177582275668,0.500863638295,0.00175533876462,55.0898888892,27.5925221823,2.71416249337,2.60210472159,2.47151541678
1373,2015-03-20,AAPL,125.376297,4.83131959119,0.159497976002,0.501159884465,0.00175631671427,55.1278110505,27.6278474169,2.80328985263,2.62946842063,2.49429918026
1374,2015-03-23,AAPL,126.680845,4.841670892,0.173500329061,0.50253417744,0.00176120384105,55.3174592012,27.7989138577,2.7261120428,2.6437707533,2.50601435361
1375,2015-03-24,AAPL,126.163011,4.83757480889,0.15943480189,0.504114968529,0.00176642051211,55.5201513682,27.9885393597,2.67880898065,2.64526787673,2.50465419043
1376,2015-03-25,AAPL,122.866775,4.81110063828,0.113410571759,0.501818426638,0.00176031658137,55.2830112919,27.7420337463,2.64992957386,2.66062709794,2.52893591303
1377,2015-03-26,AAPL,123.723198,4.81804679617,0.105569231642,0.504819466261,0.00176802999001,55.5827405211,28.0592494032,2.55134163078,2.66160800636,2.537320278
1378,2015-03-27,AAPL,122.737318,4.81004644565,0.0836960529036,0.508726427394,0.00177720578321,55.9400489508,28.458181251,2.5244534943,2.66631475015,2.54467676274
1379,2015-03-30,AAPL,125.844343,4.83504577023,0.112981264097,0.518145902106,0.00180212532689,56.9145700921,29.4900512633,2.58271046318,2.65730407569,2.55332993801
1380,2015-03-31,AAPL,123.91241,4.81957494504,0.0818487196132,0.527414210176,0.00182361166787,57.7597179414,30.4632960181,2.61756432678,2.66103371815,2.55706005511
1381,2015-04-01,AAPL,123.733159,4.8181273033,0.0878204009973,0.533295616252,0.00183753455192,58.3097922787,31.0963566068,2.6564027961,2.66200340391,2.56562059688
1382,2015-04-02,AAPL,124.798707,4.8267020953,0.0817177116746,0.546095562145,0.00186699070521,59.4798947078,32.4817065368,2.57573963173,2.65302537259,2.56944352569
1383,2015-04-06,AAPL,126.820262,4.84277082419,0.0977298315368,0.562837936873,0.0019079554079,61.1215482085,34.4015260921,2.57922542108,2.67123877012,2.59347345036
1384,2015-04-07,AAPL,125.48584,4.83219292352,0.0664023752574,0.584105725518,0.00195340018262,62.9625193363,36.7767680373,2.4612174966,2.66956838925,2.60823760479
1385,2015-04-08,AAPL,125.077542,4.82893388097,0.0722422680088,0.600455706711,0.00198886686241,64.4138790641,38.6776812754,2.36213153572,2.66004195355,2.60908715558
1386,2015-04-09,AAPL,126.033547,4.83654811755,0.0677266929735,0.62353832957,0.00203762818386,66.4304046507,41.4219035486,2.32528554389,2.66475444042,2.60777363191
1387,2015-04-10,AAPL,126.571302,4.84080580155,0.0729135458091,0.64708720102,0.00208798909143,68.539047499,44.3507404067,2.25955968501,2.67145207434,2.60537015666
1388,2015-04-13,AAPL,126.322342,4.83883690999,0.106723062004,0.656390468591,0.00211103401237,69.5128421896,45.6275670579,2.21673885087,2.60518856083,2.61129928419
1389,2015-04-14,AAPL,125.774634,4.83449168641,0.106154229983,0.662600944789,0.00212635647319,70.1634259327,46.4903523126,2.18188458911,2.58739389254,2.58556325143
1390,2015-04-15,AAPL,126.252633,4.83828492338,0.0979068852631,0.673106626914,0.00215124415064,71.2254695962,47.9423355902,2.11964418274,2.58082969692,2.57886192252
1391,2015-04-16,AAPL,125.64517,4.83346182314,0.0967870846676,0.680319880622,0.0021682122735,71.9533560644,48.951298608,2.03001835529,2.57073308582,2.56947740477
1392,2015-04-17,AAPL,124.231079,4.82214337169,0.0890637888304,0.682070730838,0.00217218269523,72.1241226375,49.1937530384,2.02304751018,2.57378319523,2.5647830611
1393,2015-04-20,AAPL,127.069222,4.84473199309,0.139711563759,0.682748397538,0.0021741672452,72.2095410558,49.3009484428,2.02952072668,2.5738195397,2.58306716665
1394,2015-04-21,AAPL,126.382098,4.83930984194,0.116463910245,0.685546132975,0.00218140230727,72.5213096086,49.7167033604,2.0086082206,2.53619285105,2.57548926762
1395,2015-04-22,AAPL,128.084976,4.85269391865,0.153439993931,0.685812786404,0.00218224819197,72.5577967506,49.7610647648,2.06188567741,2.527927485,2.57806882716
1396,2015-04-23,AAPL,129.130611,4.86082438051,0.166294101004,0.686464705091,0.00218448912243,72.6544963408,49.8747474041,2.0041267395,2.52604271835,2.58589510051
1397,2015-04-24,AAPL,129.738075,4.86551761031,0.191963509169,0.684120193741,0.00217484371284,72.2386670645,49.4199309077,1.96031026412,2.51629466042,2.58644596879
1398,2015-04-27,AAPL,132.098211,4.88354566867,0.230467551121,0.682454457063,0.00216520448084,71.8241046551,49.0166803465,2.01309042019,2.48996733693,2.53567177973
1399,2015-04-28,AAPL,130.016909,4.86766451123,0.227871314818,0.6762876291,0.00213020254854,70.3271199572,47.5613612173,2.10371107969,2.50197623218,2.55540713591
1400,2015-04-29,AAPL,128.104897,4.85284943612,0.180401091224,0.668177244528,0.00209940399154,69.0206985201,46.1180601526,2.16146961897,2.50432359433,2.57110907484
1401,2015-04-30,AAPL,124.629416,4.82534466196,0.115347660229,0.655750351011,0.00206758515914,67.6815216425,44.3821815741,2.26304499696,2.51353773847,2.59259443538
1402,2015-05-01,AAPL,128.413605,4.85525634359,0.158158076915,0.650390481055,0.00205007493215,66.9490905651,43.5430512188,2.44279456188,2.55122720563,2.62790356231
1403,2015-05-04,AAPL,128.164645,4.85331572642,0.14404037045,0.645849309493,0.00203645913328,66.3817703679,42.872620555,2.39947610534,2.5579406607,2.61738053326
1404,2015-05-05,AAPL,125.276714,4.83052500265,0.12223637118,0.632607967303,0.00200127380315,64.9246390897,41.0718439624,2.43831417952,2.58066147784,2.59735868455
1405,2015-05-06,AAPL,124.489999,4.82422538336,0.120465687108,0.615448253228,0.00195603880758,63.0700540431,38.8163545918,2.53590642952,2.61045650794,2.59828495344
1406,2015-05-07,AAPL,125.260002,4.83039159306,0.107813287775,0.603555023435,0.00192657411258,61.8732649812,37.3439198958,2.54330610983,2.60568180155,2.59448356435
1407,2015-05-08,AAPL,127.620003,4.84905712195,0.129478032476,0.597057390733,0.00190857233349,61.1464001262,36.5079101121,2.56421187853,2.62011114175,2.5953684682
1408,2015-05-11,AAPL,126.32,4.83881836995,0.131783370104,0.583978971533,0.00187186837584,59.6744859273,34.8486449186,2.56611952888,2.62227362673,2.56319243404
1409,2015-05-12,AAPL,125.870003,4.83524965214,0.14961590801,0.566009670139,0.00181612841537,57.4648548933,32.5256635627,2.60040654695,2.61298002924,2.54510728573
1410,2015-05-13,AAPL,126.010002,4.83636128475,0.161947663263,0.546739375531,0.00175174782628,54.950721809,30.0437233268,2.61063968877,2.58256913323,2.52765682504
1411,2015-05-14,AAPL,128.949997,4.85942470906,0.223526271112,0.533511595884,0.00168038720189,52.2108889346,27.855114678,2.70834549277,2.57203190505,2.52491840504
1412,2015-05-15,AAPL,128.770004,4.85802789835,0.221703425483,0.519608013399,0.00160475259719,49.3598261528,25.647761209,2.68720110844,2.5553941645,2.52204602015
1413,2015-05-18,AAPL,130.190002,4.86899493727,0.218095272339,0.50838123335,0.00154428636613,47.1189991792,23.9544149169,2.63740225967,2.56023493625,2.52868409904
1414,2015-05-19,AAPL,130.070007,4.86807282089,0.171943828439,0.498401163809,0.00150813822461,45.7954689807,22.8245150371,2.62322082558,2.52551861813,2.53245437656
1415,2015-05-20,AAPL,130.059998,4.86799586706,0.170598170094,0.487816068706,0.00147012458151,44.4164776885,21.6670715318,2.57825143471,2.51023578697,2.54191092715
1416,2015-05-21,AAPL,131.389999,4.87816999204,0.21244422159,0.477959815726,0.00141828270779,42.5568493466,20.3404638716,2.55472583917,2.48802394177,2.5350136714
1417,2015-05-22,AAPL,132.539993,4.88688443385,0.212292539065,0.47014175589,0.00137627503655,41.0675629014,19.3075761326,2.56401666912,2.46270630171,2.54020008758
1418,2015-05-26,AAPL,129.619995,4.86460705443,0.19011943926,0.455333351773,0.00131191781485,38.8160450453,17.674239893,2.611609604,2.48288495768,2.56014635406
1419,2015-05-27,AAPL,132.039993,4.88310485397,0.246160045011,0.448315268349,0.00123763588206,36.2619527775,16.2567870903,2.49614398383,2.47474561246,2.55758214631
1420,2015-05-28,AAPL,131.779999,4.8811338579,0.253445682067,0.444337167272,0.00115244402168,33.3905366631,14.8366564746,2.37932795071,2.45895893602,2.52641221991
1421,2015-05-29,AAPL,130.279999,4.86968597273,0.208061936672,0.433741121229,0.0010741959905,30.8065067542,13.3620487807,2.27117270206,2.44700408714,2.50632881454
1422,2015-06-01,AAPL,130.539993,4.87167963958,0.201301707188,0.424098901077,0.000999993603024,28.4023363219,12.0453996221,2.09020807543,2.43114322709,2.49195482805
1423,2015-06-02,AAPL,129.960007,4.86722676466,0.165639644855,0.410014632043,0.000938747738114,26.4512831453,10.8454131259,2.04218777203,2.41384962931,2.48611149262
1424,2015-06-03,AAPL,130.119995,4.86845706318,0.16108324538,0.396189022364,0.000879735260828,24.5994261986,9.74602261633,1.94879558256,2.40093776466,2.45286682632
1425,2015-06-04,AAPL,129.360001,4.862599223,0.153077005933,0.379815826623,0.000814767687003,22.5920415857,8.58081494998,1.8635006,2.40229994288,2.43941225828
1426,2015-06-05,AAPL,128.649994,4.85709549209,0.188356445135,0.374460603233,0.000716725876262,19.6237804629,7.34833266984,1.8270004,2.37222065603,2.41472157759
1427,2015-06-08,AAPL,127.800003,4.85046656542,0.11733860477,0.350740269677,0.000652179695134,17.7089567818,6.21124427734,1.8280006,2.29969299078,2.39993573154
1428,2015-06-09,AAPL,127.419998,4.84748870099,0.0803802494244,0.324369193609,0.000606590679228,16.375013988,5.31155008262,1.85150025,2.28426325276,2.40479642191
1429,2015-06-10,AAPL,128.880005,4.85888177766,0.108988566241,0.304071368143,0.000557032548331,14.9420769836,4.5434577913,1.8445003,2.27087914591,2.39027099121
1430,2015-06-11,AAPL,128.589996,4.85662901718,0.0927820793863,0.282113452866,0.000513460924198,13.6968182957,3.86405670268,1.8635002,2.25571193327,2.38366308242
1431,2015-06-12,AAPL,127.169998,4.84552475831,0.0805324583986,0.251397876829,0.000460419911535,12.1991215653,3.06683326069,1.7905002,2.2558447119,2.36890361842
1432,2015-06-15,AAPL,126.919998,4.84355695096,0.070200282775,0.219350412418,0.000410385247232,10.8044014493,2.36994991384,1.80300025,2.24859758664,2.35652887438
1433,2015-06-16,AAPL,127.599998,4.84890035524,0.0683090640609,0.192245354712,0.000368475662324,9.64952046928,1.85507548542,1.759,2.25242795679,2.34236461638
1434,2015-06-17,AAPL,127.300003,4.84654652913,0.0748485958003,0.1613729874,0.00031741934376,8.25883951955,1.33275360573,1.75399965,2.24517777296,2.3317438482
1435,2015-06-18,AAPL,127.879997,4.85109230073,0.0726207728619,0.134529275255,0.00027346422595,7.07571943656,0.951891407709,1.7264995,2.2416873968,2.32716979859
1436,2015-06-19,AAPL,126.599998,4.84103249391,0.0418686957222,0.106205195019,0.000235239267657,6.05735184143,0.643322233616,1.7104991,2.23124409436,2.30159838043
1437,2015-06-22,AAPL,127.610001,4.84897874558,0.0261293986875,0.0941093791503,0.000219515041046,5.64125277325,0.530894796121,1.704499,2.21537810983,2.2271234317
1438,2015-06-23,AAPL,127.029999,4.84442327116,0.00870324379924,0.0860000708888,0.000209446651877,5.37567784112,0.462308675412,1.55149875,2.19472047535,2.19593671748
1439,2015-06-24,AAPL,128.110001,4.85288927767,0.0123160402451,0.0857324945722,0.000209101310271,5.36658058239,0.460090340651,1.55799895,2.20746255621,2.19239108132
1440,2015-06-25,AAPL,127.5,4.8481163646,0.00158471125794,0.0860293403899,0.000209465633122,5.3761778827,0.462509037068,1.59599945,2.2046641453,2.17874058994
1441,2015-06-26,AAPL,126.75,4.84221664247,-0.0111914097365,0.0870806609969,0.000210678930053,5.4081458791,0.47094491792,1.575999,2.20639221634,2.17886010071
1442,2015-06-29,AAPL,124.529999,4.8245466427,-0.0264681067064,0.0754158747816,0.000197559562072,5.06299015315,0.38182983141,1.62249905,2.22386901378,2.17973766797
1443,2015-06-30,AAPL,125.43,4.83174783404,-0.0273827842333,0.074308156692,0.000196255666445,5.02874794113,0.373676989974,1.6349994,2.22549166422,2.18428509111
1444,2015-07-01,AAPL,126.599998,4.84103249391,-0.044144250534,0.1002753608,0.000222187022238,5.71184420812,0.5727572388,1.6584991,2.203542342,2.18145995566
1445,2015-07-02,AAPL,126.440002,4.83976790317,-0.0393572531246,0.124953577103,0.000243245947229,6.26985626043,0.783440967663,1.62099945,2.18687684284,2.17661869712
1446,2015-07-06,AAPL,126.0,4.83628190695,-0.0175765458158,0.124683342524,0.000243006937029,6.26350655523,0.780954933225,1.6339996,2.16006264501,2.16831981493
1447,2015-07-07,AAPL,125.690002,4.83381857385,-0.0322418452614,0.134260744057,0.0002506761077,6.46744023501,0.868323338094,1.6339996,2.13937076978,2.16324047884
1448,2015-07-08,AAPL,122.57,4.80868229535,-0.0418653559658,0.107467693233,0.000229127358217,5.89542235275,0.633567440886,1.6684997,2.14858955967,2.16884857782
1449,2015-07-09,AAPL,120.07,4.78807490604,-0.0659885070613,0.0720959696178,0.000196850246327,5.04436109663,0.363678104364,1.81449965,2.18045886149,2.20101638059
1450,2015-07-10,AAPL,123.279999,4.8144581829,-0.0430198892497,0.0635904601339,0.000186590512572,4.77527454439,0.303661905543,1.9184997,2.20663595477,2.21929782077
1451,2015-07-13,AAPL,125.660004,4.83357987881,-0.0183219200435,0.0633786882483,0.000186299873659,4.76766187798,0.302168155838,1.9685001,2.22047117669,2.2308531547
1452,2015-07-14,AAPL,125.610001,4.83318187666,-0.0021780020852,0.0549103138085,0.00017350563129,4.43309152036,0.243422446525,1.95850025,2.2021649709,2.2371823224
1453,2015-07-15,AAPL,126.82,4.84276875827,0.00592209067573,0.0520886513266,0.00016889564472,4.31280206295,0.224648042898,1.9630005,2.18519767743,2.2384426678
1454,2015-07-16,AAPL,128.509995,4.85600668341,0.014997559022,0.056974361993,0.000177074835192,4.52631885706,0.257884129058,1.9935009,2.15473943526,2.2210883278
1455,2015-07-17,AAPL,129.619995,4.86460705443,0.0453893187806,0.0562058161701,0.000175652071501,4.48914640558,0.252316137633,2.0045009,2.13145304783,2.20998929856
1456,2015-07-20,AAPL,132.070007,4.88333213806,0.0849286220593,0.0551992871988,0.00017343395769,4.43122026323,0.244600199951,2.09800145,2.13924276749,2.20345654051
1457,2015-07-21,AAPL,130.75,4.87328710295,0.0550112818025,0.0564949437969,0.000175936381042,4.49657348486,0.254033666306,2.155001,2.13194930301,2.1870337128
1458,2015-07-22,AAPL,125.220001,4.8300721983,0.0174209654368,0.0370477395364,0.000140703608969,3.58018926515,0.132637919386,2.5565009,2.19807966217,2.2514306337
1459,2015-07-23,AAPL,125.160004,4.82959295076,0.00586481209504,0.0240710666413,0.000113033185463,2.86613495979,0.06899092562,2.5195006,2.19762028579,2.25201301534
1460,2015-07-24,AAPL,124.5,4.8243057159,-0.0159001603917,0.0163719106786,9.38188053132e-05,2.37319259998,0.0388536972701,2.52650055,2.19184086033,2.25617237929
